index,sequence,Missense_mutation
311,ATG,GAT
317,TTC,GTT
321,CGT,CAG
323,GGG,TGG
327,GAA,GGA
333,AGA,AAG
335,GGC,AGG
338,TAT,CTA
341,GGA,TGG
346,AAT,AAA
1322,ATG,CAT
1325,TGC,GCG
1329,CAA,CTA
1331,GTT,AGT
1335,TAC,TTG
1337,GTG,CAT
1340,TTC,GCT
1343,TAA,CCA
1835,ATG,CTG
1838,CCG,GCC
1841,CCT,ACT
2426,ATG,CTA
2429,CTT,TTT
2432,GGC,CCC
2435,CCT,TTA
2438,GGG,TGT
2442,GGG,GCT
2444,AGT,TGG
2447,GAT,CCT
2520,ATG,AGA
2522,TGG,AGG
2525,CAC,AGA
2528,GGG,CGA
2532,GGT,GAT
2534,ATT,GCG
2537,CAT,GCA
2541,CTA,CAG
2543,TAA,GGG
2904,ATG,ACA
2906,TCC,CAC
2924,ATG,TCA
2927,GAA,AAC
2930,TAG,ATA
3013,ATG,ATT
3014,TGA,ATT
3105,ATG,AGA
3107,GAG,AGA
3110,GCT,ATG
3113,GAA,ACA
3116,GAG,CAT
3122,CCA,GGC
3143,ATG,TCG
3146,TGA,AGA
3279,ATG,AAA
3314,ATG,TTC
3317,TCC,GGT
3320,AGG,TTG
3323,CAC,AGG
3326,CAA,AAT
3330,GGT,GCC
3332,TTA,CAG
3335,CGT,GCA
3338,GGA,CTA
3341,GGA,AGG
3344,GAC,TCC
3348,ATG,ACG
3350,CGG,TGG
3354,AAC,AGG
3356,TAG,AAA
3407,ATG,GGG
3422,ATG,GGT
3425,CAC,GCT
3428,AAT,GCA
3432,GCC,GGG
3434,CCC,AGT
3437,ACT,GCA
3440,ATC,CAA
3443,GTT,TGC
3446,TCG,CCC
3449,AGC,CAC
3452,AAA,TGT
3458,CGG,TCC
3461,CTG,GGG
3467,GTA,AAG
3470,TGG,ATG
3473,AAT,GCT
3477,GGA,GTT
3480,GAT,GGT
3483,AAG,ATG
3486,GCC,GAA
3488,CAG,TGG
3491,GAA,AGA
4040,ATG,CAC
4043,GAG,TGC
4046,AGC,TTG
4049,GGG,TGG
4053,CCT,CGT
4058,TAC,GAG
4061,TTG,CAG
4064,TGG,GCC
4067,AGG,TTG
4070,GAT,CTA
4074,CAT,CTT
4079,CCT,GGG
4082,CTC,GGT
4085,CCT,TTA
4088,GAA,TGC
4091,AGG,TCC
4094,GAA,TCT
4097,AGG,CTC
4253,ATG,CTG
4257,TGC,TTG
4259,ACT,GCC
4391,ATG,CAG
4395,GGA,GTG
4398,AAA,ACA
4400,GGA,TCA
4404,CGC,CAT
4410,AGT,AAA
4412,CAC,AAG
4415,TGG,ATG
4418,AAA,CGG
4421,CAG,AAG
4427,TCG,CTG
4431,GCT,GAA
4433,TGA,ACA
5027,ATG,CAA
5031,TGG,TCC
5133,ATG,AGA
5135,TTT,CTC
5139,CGA,CTG
5141,ACC,TTG
5144,CTC,AGT
5148,GAT,GCT
5150,GCT,TCG
5153,GAA,AGC
5156,GAA,CTT
5159,GAA,CGA
5162,GCA,TGC
6282,ATG,ACA
6284,GTG,CAG
6287,CTT,ATA
6290,TGA,GAA
6380,ATG,TGC
6383,GAT,TCA
6386,GGA,AAC
6389,TGC,CGA
6392,TAG,GGT
6728,ATG,TTG
6732,GCT,GGG
6735,CAT,CCA
6740,GCT,CAT
6743,TTC,GGC
6746,GGA,TCA
6749,AAT,TGT
6752,TGA,GGC
6770,ATG,CAG
6773,TGT,CCA
6776,CCT,GAA
6779,CAT,TTG
6782,TGT,CAT
6785,TGT,GTG
6788,GTT,TCC
6792,TTT,TCA
6794,ATT,TTG
6797,ACT,TTG
6800,GGT,TGT
6803,GGT,TCC
6806,GCT,TAT
6809,CAT,TGC
6812,ACC,TGG
6815,CGA,TGG
6818,GCC,TGC
6821,AGA,TCA
6824,GAA,TAC
6827,GCA,CTG
6831,AAG,AGC
6833,ATC,CAG
6836,TCC,AAA
6839,CCA,AGC
6843,AGA,AAA
6845,TAA,GAT
6914,ATG,CCA
6917,GCT,ATG
6920,GGA,AAC
6923,AAG,TCG
6926,AAC,GAT
6929,AAA,GGT
6932,AAA,TGG
6935,TGA,AGA
7475,ATG,GGA
7478,GGG,CCG
7481,GGA,CCT
7487,TGG,GGT
7490,AGC,GGG
7493,TCT,GGG
7496,GAT,AGG
7500,CAC,CTG
7502,AGC,GGG
7505,AGC,CCC
7844,ATG,GTG
7847,GTT,CAA
7850,GGA,AGC
7898,ATG,TCA
7902,TGG,TTG
7904,CAG,ATC
7907,AGG,TTG
7911,GGG,GAT
7913,CTG,GTG
7917,GAG,GCA
7919,CTA,GAG
7922,TTA,GGG
7925,TGC,GCT
7928,CGC,GGA
7931,CAC,GTT
7934,CAT,ACT
7937,CCG,ACG
7941,CAA,CCG
7943,AGT,CCA
7946,GCA,CCA
7949,GGA,TCC
7953,GGT,GCA
7955,GAG,AAG
7958,AGG,TTC
7962,ATA,AAG
7964,CAC,AAG
8532,ATG,AGC
8534,GTT,ACG
8537,TCT,CGG
8540,TGA,AAA
8565,ATG,ACC
8567,GGC,CAT
8570,CTA,ATA
8573,CCA,GGA
8576,TGG,CAT
8580,GAG,GGG
8585,CGA,ACC
8589,AGC,ATG
8591,CCC,GAA
8594,CAC,GCT
8597,GCA,ATG
8603,ATC,CCC
8606,AGC,CCA
8609,GTC,CAC
8612,TTC,AAG
8615,CCT,GGT
8619,CGT,CAG
8621,GAA,CGT
8625,CGG,CCT
8627,GGT,CTC
8913,ATG,AAG
8915,GAA,AGG
8918,GAC,AAA
8921,GGC,AAG
8924,TGT,AGT
8932,AGC,AGA
8933,TGT,CTG
8936,GAA,CAG
8941,TGA,TGG
9564,ATG,AGA
9566,GTT,TGC
9569,GTT,AAG
9572,GAG,ACT
9575,GAA,TGT
9579,GCC,GGC
9581,AGA,TGC
9584,GAA,TGC
9587,AGT,GGA
9591,GAC,GGT
9597,ATG,AGA
9599,GTT,AAG
9759,ATG,AAC
9761,GAG,CCT
9771,GGA,GAT
9773,AGA,GGG
9777,AGT,ACA
9779,CCC,ACT
9783,GTT,GGG
9785,CTG,AAG
9788,CTC,AAG
9791,CCA,TTC
9795,CCA,CGT
9797,CTT,TTT
9800,CAA,GCT
9804,CAA,CCC
9806,GCT,ACC
9809,GTA,ACT
9812,CCT,TCA
9815,CAA,ACA
9818,GGA,AGC
9822,TGG,TCC
9824,GAG,ATC
9827,ATC,TCA
9830,CAT,AGG
9833,TGT,ACG
9839,CCC,GGT
9842,TTG,CCA
9845,CCG,TTG
9848,CCA,TGG
9851,CCA,TTC
9854,AGA,CCT
9857,TGA,GCC
9896,ATG,CTC
9899,GAG,CAG
9902,CAT,GGG
9906,CCG,CGG
9909,GGA,GAT
9912,GAC,GGA
9914,TGC,GCA
9917,CTG,TCC
9920,TCT,GGG
9923,TGC,AGA
9926,AAA,CTG
9929,ATC,CTT
9932,ATA,GCC
10072,GAT,GAA
10073,GAC,AGG
10076,CAC,GAG
10079,TGA,AAT
10157,ATG,CCC
10160,GAC,CAG
10163,AGA,TTA
10167,CAT,CGA
10169,TCC,AAT
10172,CTA,GGA
10175,TCT,CAG
10179,AGG,ACA
10181,AAA,TTC
10184,AAG,CCT
10187,GGA,ATT
10190,GGA,TGG
10193,CTT,GAA
10197,ATG,AAA
10200,GTG,GGG
10202,TGG,AAG
10206,ATC,ACT
10208,CCT,TGT
10211,TAT,GGT
10214,AGG,GTG
10218,GCA,GAT
10221,CAG,CTC
10223,ACC,TCA
10787,ATG,GTG
10790,GTT,TGG
10793,TCT,GGA
