index,nucleotide,transition
309,A,G
317,C,T
320,G,A
326,A,G
332,G,A
333,A,G
333,G,A
336,T,C
341,A,G
1329,G,A
1339,T,C
1340,C,T
1341,T,C
1843,A,G
2426,G,A
2427,C,T
2433,C,T
2434,C,T
2520,G,A
2524,A,G
2528,G,A
2531,G,A
2532,A,G
2533,T,C
2541,A,G
2542,A,G
2543,A,G
2903,T,C
2904,G,A
2904,T,C
2923,T,C
2924,G,A
2925,G,A
2930,G,A
3105,G,A
3105,G,A
3106,A,G
3107,G,A
3108,G,A
3109,C,T
3111,G,A
3123,C,T
3142,T,C
3149,G,A
3279,G,A
3317,C,T
3322,A,G
3330,T,C
3330,T,C
3332,A,G
3339,G,A
3341,A,G
3347,T,C
3348,C,T
3353,A,G
3356,G,A
3405,A,G
3410,G,A
3420,A,G
3425,C,T
3426,A,G
3434,C,T
3435,A,G
3443,T,C
3444,T,C
3448,G,A
3451,A,G
3456,C,T
3465,G,A
3466,G,A
3467,A,G
3471,A,G
3479,A,G
3486,C,T
3487,A,G
3489,G,A
3490,A,G
3493,G,A
4042,A,G
4059,T,C
4082,C,T
4083,C,T
4084,C,T
4087,A,G
4100,A,G
4101,G,A
4257,A,G
4259,T,C
4395,A,G
4403,G,A
4404,C,T
4408,A,G
4409,G,A
4417,A,G
4418,A,G
4425,T,C
4426,C,T
5027,G,A
5133,G,A
5133,T,C
5135,T,C
5139,A,G
5140,C,T
5144,C,T
5151,G,A
5152,A,G
5158,A,G
6281,T,C
6282,G,A
6289,G,A
6384,G,A
6385,G,A
6387,T,C
6391,A,G
6748,A,G
6771,T,C
6777,C,T
6780,T,C
6781,G,A
6787,T,C
6788,T,C
6791,T,C
6796,C,T
6803,T,C
6807,C,T
6808,A,G
6809,T,C
6813,C,T
6815,A,G
6826,C,T
6827,A,G
6830,A,G
6842,G,A
6913,T,C
6914,G,A
6915,G,A
6916,C,T
6918,G,A
6919,G,A
6924,A,G
6926,C,T
6927,A,G
6928,A,G
6931,A,G
6932,A,G
7473,A,G
7475,G,A
7488,A,G
7494,G,A
7495,A,G
7500,A,G
7507,A,G
7842,A,G
7848,G,A
7897,T,C
7898,G,A
7910,G,A
7917,G,A
7919,A,G
7922,A,G
7925,C,T
7931,C,T
7941,A,G
7953,G,A
7962,A,G
7966,A,G
8532,G,A
8533,T,C
8535,T,C
8539,G,A
8564,T,C
8566,G,A
8567,C,T
8574,T,C
8575,G,A
8579,A,G
8594,C,T
8595,G,A
8596,C,T
8597,A,G
8602,T,C
8618,G,A
8620,A,G
8627,T,C
8630,G,A
8913,G,A
8914,A,G
8915,A,G
8916,G,A
8919,G,A
8920,G,A
8931,T,C
8936,A,G
8941,A,G
9564,G,A
9566,T,C
9567,G,A
9570,G,A
9574,A,G
9583,A,G
9585,A,G
9590,A,G
9591,C,T
9597,G,A
9597,G,A
9765,T,C
9770,G,A
9771,A,G
9773,A,G
9779,C,T
9789,C,T
9790,C,T
9795,C,T
9804,G,A
9806,T,C
9807,G,A
9808,T,C
9810,C,T
9816,G,A
9822,G,A
9826,T,C
9829,A,G
9839,C,T
9840,T,C
9841,T,C
9842,G,A
9843,C,T
9844,C,T
9846,C,T
9848,A,G
9849,C,T
9850,C,T
9901,A,G
9908,G,A
9911,A,G
9915,C,T
9916,T,C
9926,A,G
9929,C,T
9930,A,G
9931,T,C
9935,G,A
10071,G,A
10072,A,G
10078,G,A
10156,T,C
10166,A,G
10169,C,T
10173,T,C
10179,G,A
10185,G,A
10190,A,G
10197,G,A
10201,G,A
10205,T,C
10206,C,T
10206,C,T
10210,A,G
10212,A,G
10224,C,T
10785,A,G
