index,nucleotide,transversion
310,T,A
311,G,T
315,T,G
321,G,T
321,T,G
335,C,G
337,A,T
338,T,A
339,G,T
345,A,T
346,T,A
347,T,A
1320,A,C
1321,T,A
1322,G,T
1323,T,G
1324,G,C
1325,C,G
1328,A,T
1330,T,G
1334,A,T
1335,C,G
1335,G,C
1336,T,A
1337,G,T
1338,T,G
1342,A,C
1833,A,C
1836,C,G
1838,G,C
1839,C,A
1842,A,T
2424,A,C
2430,G,C
2431,G,C
2435,T,A
2436,G,T
2438,G,T
2441,G,C
2442,A,T
2442,G,T
2444,T,G
2445,G,C
2446,A,C
2448,G,T
2450,T,G
2519,T,G
2520,T,A
2523,C,A
2525,C,A
2526,G,C
2534,T,G
2535,C,G
2536,A,C
2537,T,A
2540,T,A
2541,T,G
2905,C,A
2907,G,T
2908,C,G
2909,T,A
2922,A,T
2927,A,C
2928,T,A
2929,A,T
3012,T,A
3013,G,T
3013,G,T
3014,A,T
3104,T,G
3110,T,G
3112,A,C
3114,G,C
3116,G,T
3120,C,G
3121,C,A
3121,C,G
3122,A,C
3124,C,G
3125,T,A
3141,A,T
3144,T,A
3147,A,T
3148,T,G
3278,T,A
3279,G,T
3280,C,G
3312,A,T
3314,G,C
3315,T,G
3316,C,G
3318,A,T
3319,G,T
3321,C,A
3323,C,G
3324,C,A
3326,A,T
3329,G,C
3331,T,A
3333,C,G
3334,G,C
3335,T,A
3336,G,C
3337,G,T
3342,G,T
3343,A,C
3354,C,G
3354,T,A
3406,T,G
3408,G,T
3409,T,G
3421,T,G
3422,G,T
3423,C,G
3424,A,C
3427,A,C
3428,T,A
3431,C,G
3432,C,A
3432,C,G
3433,C,G
3437,T,A
3438,A,C
3439,T,A
3440,C,A
3441,G,T
3442,T,G
3446,G,C
3447,A,C
3450,A,T
3452,A,T
3453,A,C
3455,A,T
3457,G,C
3458,G,C
3459,C,G
3460,T,G
3466,T,A
3468,T,A
3469,G,T
3472,A,C
3476,G,T
3477,A,T
3482,A,T
3485,C,A
3486,C,A
3492,A,T
4038,A,C
4039,T,A
4040,G,C
4041,G,T
4043,G,C
4044,A,T
4045,G,T
4046,C,G
4047,G,T
4052,C,G
4056,T,G
4057,C,A
4058,C,G
4060,T,A
4062,T,G
4063,G,C
4064,G,C
4065,A,T
4066,G,T
4068,G,C
4069,A,T
4070,T,A
4073,A,T
4077,C,G
4078,C,G
4078,T,G
4079,T,G
4080,C,G
4081,T,G
4085,T,A
4086,G,T
4088,A,C
4089,A,T
4090,G,C
4091,G,C
4092,G,T
4093,A,C
4094,A,T
4095,A,C
4096,G,T
4097,G,C
4251,A,C
4256,G,T
4257,C,G
4260,G,T
4262,C,A
4389,A,C
4390,T,A
4394,G,T
4397,A,C
4398,G,T
4399,G,C
4410,C,A
4410,T,A
4412,C,G
4413,T,A
4414,G,T
4416,A,C
4419,C,A
4426,C,A
4430,C,A
4431,T,A
4431,T,A
4432,G,C
5025,A,C
5026,T,A
5030,G,C
5031,A,T
5031,G,C
5132,T,G
5138,G,T
5139,A,T
5141,C,G
5142,C,A
5143,T,G
5147,A,C
5148,G,T
5150,T,G
5153,A,C
5154,G,C
5155,A,T
5156,A,T
5157,G,C
5160,G,T
5161,C,G
5162,A,C
5163,G,T
5164,C,G
5165,T,A
5883,A,T
5884,T,A
6282,G,C
6283,T,A
6285,C,A
6287,T,A
6288,T,G
6378,A,T
6379,T,G
6380,G,C
6381,G,T
6382,A,C
6383,T,A
6386,A,C
6389,C,A
6390,T,G
6392,G,T
6726,A,T
6731,C,G
6732,T,G
6734,A,C
6735,T,A
6738,G,C
6739,C,A
6741,T,G
6742,T,G
6744,G,T
6745,G,C
6747,A,T
6750,T,G
6752,A,C
6768,A,C
6769,T,A
6772,G,C
6773,T,A
6774,C,G
6775,C,A
6776,T,A
6778,A,T
6779,T,G
6783,T,G
6784,G,T
6785,T,G
6786,G,T
6792,A,T
6792,T,A
6794,T,G
6795,A,T
6797,T,G
6798,G,T
6801,G,T
6802,G,C
6804,G,T
6805,C,A
6810,A,T
6811,C,G
6812,C,G
6816,G,T
6817,C,G
6819,A,T
6820,G,C
6822,G,T
6824,A,C
6825,G,C
6831,A,C
6831,G,C
6832,T,A
6833,C,G
6834,T,A
6835,C,A
6836,C,A
6837,C,A
6838,C,G
6839,A,C
6843,T,G
6845,A,T
6912,A,C
6917,T,G
6920,A,C
6921,A,T
6922,A,C
6929,A,T
6930,A,T
6933,T,A
7474,T,G
7476,G,C
7477,G,C
7479,G,C
7480,G,C
7481,A,T
7485,T,G
7486,C,G
7487,G,T
7490,C,G
7491,T,G
7492,C,G
7493,T,G
7496,T,G
7499,A,T
7500,C,G
7502,C,G
7503,A,C
7504,G,C
7506,G,T
7508,C,A
7845,G,C
7846,T,A
7847,T,A
7850,A,C
7851,G,T
7896,A,T
7901,G,T
7902,C,A
7903,A,T
7904,G,C
7905,A,T
7906,G,T
7911,C,G
7911,G,T
7916,A,C
7917,C,G
7918,T,A
7920,T,G
7921,T,G
7923,T,G
7924,G,C
7926,C,G
7928,C,A
7929,C,G
7930,A,T
7932,C,A
7933,A,C
7935,C,A
7940,A,C
7941,A,C
7942,G,C
7943,T,A
7944,G,C
7947,G,T
7948,G,C
7949,A,C
7952,G,C
7953,T,A
7956,A,T
7957,G,T
7958,G,C
7961,T,A
7962,C,A
7964,C,G
7965,A,T
8531,T,G
8532,G,C
8534,T,G
8536,C,G
8537,T,G
8538,T,A
8565,G,C
8565,G,C
8568,C,A
8571,C,G
8572,C,G
8576,G,T
8583,C,A
8584,A,T
8584,G,C
8585,A,C
8588,G,T
8589,C,G
8589,C,G
8590,C,A
8591,C,A
8592,C,G
8593,A,C
8601,A,C
8604,A,C
8605,G,C
8606,C,A
8607,G,C
8608,T,A
8610,T,A
8611,T,A
8612,C,G
8613,C,G
8614,C,G
8619,G,C
8619,T,G
8621,A,T
8624,G,C
8625,G,C
8625,G,T
8626,G,T
8631,T,A
8912,T,A
8918,C,A
8921,C,G
8922,T,A
8932,C,A
8932,G,T
8933,T,G
8934,G,C
9563,T,G
9564,G,T
9565,T,G
9568,T,A
9569,T,G
9571,A,C
9572,G,T
9573,G,T
9575,A,T
9578,C,G
9579,A,T
9581,A,C
9582,G,T
9584,A,C
9587,T,A
9596,T,G
9598,T,A
9599,T,G
9600,G,T
9601,C,G
9758,T,A
9759,G,C
9759,G,C
9760,A,C
9761,G,T
9771,A,T
9776,G,C
9777,C,A
9777,T,A
9782,T,G
9783,C,A
9783,T,G
9784,T,A
9786,C,A
9787,T,A
9788,C,G
9791,A,C
9794,C,G
9795,A,T
9798,C,G
9799,A,C
9800,A,T
9803,A,C
9804,A,C
9809,A,T
9812,T,A
9813,C,A
9814,A,C
9818,A,C
9821,G,C
9822,G,C
9823,A,T
9824,G,C
9825,A,T
9827,C,A
9828,C,A
9830,T,G
9831,T,A
9832,G,C
9833,T,G
9837,C,G
9838,C,G
9838,T,A
9847,C,G
9851,A,C
9852,A,C
9853,G,C
9854,A,T
9855,T,G
9856,G,C
9857,A,C
9894,A,C
9896,G,C
9897,G,C
9900,C,G
9902,T,G
9905,C,G
9909,A,T
9912,C,A
9912,T,G
9913,G,C
9914,C,A
9917,G,C
9918,T,G
9919,C,G
9920,T,G
9921,T,A
9923,C,A
9924,A,C
9925,A,T
9927,A,C
9932,A,C
9936,C,G
10072,T,A
10073,C,G
10074,C,G
10076,C,G
10077,T,A
10079,A,T
10155,A,C
10157,G,C
10158,G,C
10160,C,G
10161,A,T
10162,G,T
10167,T,A
10167,T,A
10168,C,A
10170,C,G
10171,T,G
10174,C,A
10175,T,G
10178,G,C
10179,A,T
10180,A,T
10181,A,C
10182,A,C
10183,A,C
10184,G,T
10186,G,T
10187,A,T
10188,G,T
10191,C,G
10192,T,A
10193,T,A
10196,T,A
10199,T,G
10200,T,A
10207,C,G
10209,T,G
10213,G,T
10217,C,A
10218,A,T
10220,A,T
10221,A,T
10221,G,C
10223,C,A
10225,C,A
10788,G,T
10789,T,G
10790,T,G
10791,T,G
10792,C,G
10793,T,A
